model,accuracy_test,precision_test,recall_test,f1_test,roc_auc_test,cv10_acc_mean,cv10_acc_std,n_features
Logistic Regression (TF-IDF baseline),0.9584954604409858,0.9681697612732096,0.948051948051948,0.958005249343832,0.9833423053630308,0.9505369335816262,0.0167319644744604,4131
"Gemini Embeddings (CLASSIFICATION, dim=768) + MLP",0.940337224383917,0.9425587467362925,0.9376623376623376,0.9401041666666666,0.9833288473184847,0.9477529484792054,0.021392615694937493,768
